overlap,num_gates,depth,num_nonloc_gates,num_parameters,ngen,neval,timestamp,HV
0.928459115,29.0,19.0,15.0,31.0,1,33,0.020521163940429688,347286.2022799039
0.9128709046,20.0,15.0,11.0,10.0,1,33,0.020521163940429688,347286.2022799039
0.8881853257,19.0,10.0,8.0,16.0,1,33,0.020521163940429688,347286.2022799039
0.8799342334,18.0,10.0,8.0,13.0,1,33,0.020521163940429688,347286.2022799039
0.6605596094,15.0,9.0,6.0,7.0,1,33,0.020521163940429688,347286.2022799039
0.6165463495,12.0,7.0,5.0,14.0,1,33,0.020521163940429688,347286.2022799039
0.5773502692,8.0,5.0,5.0,8.0,1,33,0.020521163940429688,347286.2022799039
0.4999999998,20.0,12.0,9.0,4.0,1,33,0.020521163940429688,347286.2022799039
0.4670861794,13.0,8.0,3.0,6.0,1,33,0.020521163940429688,347286.2022799039
0.4564354645,8.0,4.0,3.0,3.0,1,33,0.020521163940429688,347286.2022799039
0.4082482905,8.0,4.0,4.0,2.0,1,33,0.020521163940429688,347286.2022799039
0.4082482904,4.0,3.0,4.0,2.0,1,33,0.020521163940429688,347286.2022799039
0.4082482904,6.0,4.0,2.0,3.0,1,33,0.020521163940429688,347286.2022799039
0.0,2.0,1.0,1.0,1.0,1,33,0.020521163940429688,347286.2022799039
0.9838175338,29.0,17.0,15.0,30.0,2,33,335.3781986236572,438039.09167416743
0.9720200256,26.0,17.0,17.0,25.0,2,33,335.3781986236572,438039.09167416743
0.9128709292,29.0,19.0,16.0,20.0,2,33,335.3781986236572,438039.09167416743
0.9128709046,20.0,15.0,11.0,10.0,2,33,335.3781986236572,438039.09167416743
0.8881853257,19.0,10.0,8.0,16.0,2,33,335.3781986236572,438039.09167416743
0.8799342334,18.0,10.0,8.0,13.0,2,33,335.3781986236572,438039.09167416743
0.8671889785,17.0,10.0,6.0,13.0,2,33,335.3781986236572,438039.09167416743
0.7886751346,16.0,10.0,8.0,12.0,2,33,335.3781986236572,438039.09167416743
0.7312489166,12.0,8.0,6.0,14.0,2,33,335.3781986236572,438039.09167416743
0.6605596094,15.0,9.0,6.0,7.0,2,33,335.3781986236572,438039.09167416743
0.6165463495,12.0,7.0,5.0,14.0,2,33,335.3781986236572,438039.09167416743
0.5773502692,8.0,5.0,5.0,8.0,2,33,335.3781986236572,438039.09167416743
0.5773502691,15.0,8.0,4.0,8.0,2,33,335.3781986236572,438039.09167416743
0.4999999998,20.0,12.0,9.0,4.0,2,33,335.3781986236572,438039.09167416743
0.4714045207,18.0,12.0,9.0,6.0,2,33,335.3781986236572,438039.09167416743
0.4670861794,8.0,4.0,3.0,4.0,2,33,335.3781986236572,438039.09167416743
0.4564354645,8.0,4.0,3.0,3.0,2,33,335.3781986236572,438039.09167416743
0.4082482905,8.0,4.0,4.0,1.0,2,33,335.3781986236572,438039.09167416743
0.4082482905,9.0,5.0,2.0,6.0,2,33,335.3781986236572,438039.09167416743
0.4082482905,10.0,4.0,2.0,8.0,2,33,335.3781986236572,438039.09167416743
0.4082482904,3.0,2.0,0.0,1.0,2,33,335.3781986236572,438039.09167416743
0.2041241452,4.0,2.0,0.0,0.0,2,33,335.3781986236572,438039.09167416743
0.0,2.0,1.0,0.0,2.0,2,33,335.3781986236572,438039.09167416743
0.0,2.0,1.0,1.0,1.0,2,33,335.3781986236572,438039.09167416743
0.9838175338,29.0,17.0,15.0,30.0,3,33,592.2792897224426,455658.30715365167
0.9720200256,26.0,17.0,17.0,25.0,3,33,592.2792897224426,455658.30715365167
0.9128709292,29.0,19.0,16.0,20.0,3,33,592.2792897224426,455658.30715365167
0.9128709046,20.0,15.0,11.0,10.0,3,33,592.2792897224426,455658.30715365167
0.8881853257,19.0,10.0,8.0,16.0,3,33,592.2792897224426,455658.30715365167
0.8799342334,18.0,10.0,8.0,13.0,3,33,592.2792897224426,455658.30715365167
0.8671889785,17.0,10.0,6.0,13.0,3,33,592.2792897224426,455658.30715365167
0.8660254036,17.0,14.0,12.0,8.0,3,33,592.2792897224426,455658.30715365167
0.7886751346,16.0,10.0,8.0,12.0,3,33,592.2792897224426,455658.30715365167
0.7312489166,12.0,8.0,6.0,14.0,3,33,592.2792897224426,455658.30715365167
0.6605596097,5.0,4.0,3.0,7.0,3,33,592.2792897224426,455658.30715365167
0.4999999998,20.0,12.0,9.0,4.0,3,33,592.2792897224426,455658.30715365167
0.4714045207,13.0,11.0,10.0,6.0,3,33,592.2792897224426,455658.30715365167
0.4714045207,18.0,12.0,9.0,6.0,3,33,592.2792897224426,455658.30715365167
0.4670861794,8.0,4.0,3.0,4.0,3,33,592.2792897224426,455658.30715365167
0.4670861794,8.0,4.0,3.0,4.0,3,33,592.2792897224426,455658.30715365167
0.4670861794,11.0,5.0,1.0,4.0,3,33,592.2792897224426,455658.30715365167
0.4564354645,8.0,4.0,3.0,3.0,3,33,592.2792897224426,455658.30715365167
0.4082482905,8.0,4.0,4.0,1.0,3,33,592.2792897224426,455658.30715365167
0.4082482905,9.0,5.0,2.0,6.0,3,33,592.2792897224426,455658.30715365167
0.4082482905,10.0,4.0,2.0,8.0,3,33,592.2792897224426,455658.30715365167
0.4082482904,2.0,2.0,1.0,1.0,3,33,592.2792897224426,455658.30715365167
0.4082482904,3.0,2.0,0.0,1.0,3,33,592.2792897224426,455658.30715365167
0.2886751346,6.0,4.0,3.0,0.0,3,33,592.2792897224426,455658.30715365167
0.2041241452,4.0,2.0,0.0,0.0,3,33,592.2792897224426,455658.30715365167
0.0,2.0,1.0,0.0,2.0,3,33,592.2792897224426,455658.30715365167
0.0,2.0,1.0,1.0,1.0,3,33,592.2792897224426,455658.30715365167
0.9838175338,29.0,17.0,15.0,30.0,4,33,847.8271074295044,458581.4758621448
0.9720200256,26.0,17.0,17.0,25.0,4,33,847.8271074295044,458581.4758621448
0.9128709292,29.0,19.0,16.0,20.0,4,33,847.8271074295044,458581.4758621448
0.9128709046,20.0,15.0,11.0,10.0,4,33,847.8271074295044,458581.4758621448
0.8881853257,19.0,10.0,8.0,16.0,4,33,847.8271074295044,458581.4758621448
0.8799342334,18.0,10.0,8.0,13.0,4,33,847.8271074295044,458581.4758621448
0.8671889785,17.0,10.0,6.0,13.0,4,33,847.8271074295044,458581.4758621448
0.8660254036,17.0,14.0,12.0,8.0,4,33,847.8271074295044,458581.4758621448
0.8111512171,12.0,7.0,6.0,15.0,4,33,847.8271074295044,458581.4758621448
0.7886751346,16.0,10.0,8.0,12.0,4,33,847.8271074295044,458581.4758621448
0.7312489166,12.0,8.0,6.0,14.0,4,33,847.8271074295044,458581.4758621448
0.6923450702,16.0,10.0,8.0,11.0,4,33,847.8271074295044,458581.4758621448
0.6605596097,5.0,4.0,3.0,7.0,4,33,847.8271074295044,458581.4758621448
0.4999999998,20.0,12.0,9.0,4.0,4,33,847.8271074295044,458581.4758621448
0.4714045208,10.0,4.0,2.0,9.0,4,33,847.8271074295044,458581.4758621448
0.4714045208,18.0,10.0,9.0,6.0,4,33,847.8271074295044,458581.4758621448
0.4714045207,13.0,11.0,10.0,6.0,4,33,847.8271074295044,458581.4758621448
0.4714045207,13.0,11.0,10.0,6.0,4,33,847.8271074295044,458581.4758621448
0.4670861794,8.0,4.0,3.0,4.0,4,33,847.8271074295044,458581.4758621448
0.4670861794,8.0,4.0,3.0,4.0,4,33,847.8271074295044,458581.4758621448
0.4670861794,11.0,5.0,1.0,4.0,4,33,847.8271074295044,458581.4758621448
0.4564354645,8.0,4.0,3.0,3.0,4,33,847.8271074295044,458581.4758621448
0.4082482905,4.0,4.0,3.0,3.0,4,33,847.8271074295044,458581.4758621448
0.4082482905,8.0,4.0,1.0,4.0,4,33,847.8271074295044,458581.4758621448
0.4082482905,8.0,4.0,4.0,1.0,4,33,847.8271074295044,458581.4758621448
0.4082482904,2.0,2.0,1.0,1.0,4,33,847.8271074295044,458581.4758621448
0.4082482904,2.0,2.0,1.0,1.0,4,33,847.8271074295044,458581.4758621448
0.4082482904,3.0,2.0,0.0,1.0,4,33,847.8271074295044,458581.4758621448
0.2886751346,6.0,4.0,3.0,0.0,4,33,847.8271074295044,458581.4758621448
0.2041241452,4.0,2.0,0.0,0.0,4,33,847.8271074295044,458581.4758621448
0.0,2.0,1.0,0.0,2.0,4,33,847.8271074295044,458581.4758621448
0.0,2.0,1.0,1.0,1.0,4,33,847.8271074295044,458581.4758621448
0.0,2.0,2.0,0.0,1.0,4,33,847.8271074295044,458581.4758621448
0.0,2.0,2.0,2.0,0.0,4,33,847.8271074295044,458581.4758621448
0.0,3.0,1.0,1.0,0.0,4,33,847.8271074295044,458581.4758621448
0.9838175338,29.0,17.0,15.0,30.0,5,33,1141.5601501464844,368055.7634029941
0.9802213148,20.0,12.0,10.0,20.0,5,33,1141.5601501464844,368055.7634029941
0.9128709046,20.0,15.0,11.0,10.0,5,33,1141.5601501464844,368055.7634029941
0.8881853257,19.0,10.0,8.0,16.0,5,33,1141.5601501464844,368055.7634029941
0.8799342334,18.0,10.0,8.0,13.0,5,33,1141.5601501464844,368055.7634029941
0.8671889785,17.0,10.0,6.0,13.0,5,33,1141.5601501464844,368055.7634029941
0.8660259267,25.0,14.0,12.0,12.0,5,33,1141.5601501464844,368055.7634029941
0.8660254036,17.0,14.0,12.0,8.0,5,33,1141.5601501464844,368055.7634029941
0.8164965809,18.0,9.0,6.0,10.0,5,33,1141.5601501464844,368055.7634029941
0.8111512171,12.0,7.0,6.0,15.0,5,33,1141.5601501464844,368055.7634029941
0.7886751346,16.0,10.0,8.0,12.0,5,33,1141.5601501464844,368055.7634029941
0.7406664392,11.0,7.0,6.0,11.0,5,33,1141.5601501464844,368055.7634029941
0.6605596097,5.0,4.0,3.0,7.0,5,33,1141.5601501464844,368055.7634029941
0.6454972242,12.0,6.0,5.0,5.0,5,33,1141.5601501464844,368055.7634029941
0.5773502689,5.0,4.0,3.0,3.0,5,33,1141.5601501464844,368055.7634029941
0.4714045208,10.0,4.0,2.0,9.0,5,33,1141.5601501464844,368055.7634029941
0.4714045207,2.0,2.0,2.0,2.0,5,33,1141.5601501464844,368055.7634029941
0.4670861794,11.0,5.0,1.0,4.0,5,33,1141.5601501464844,368055.7634029941
0.4082482905,8.0,4.0,1.0,4.0,5,33,1141.5601501464844,368055.7634029941
0.4082482905,8.0,4.0,4.0,1.0,5,33,1141.5601501464844,368055.7634029941
0.4082482904,2.0,2.0,1.0,1.0,5,33,1141.5601501464844,368055.7634029941
0.4082482904,2.0,2.0,1.0,1.0,5,33,1141.5601501464844,368055.7634029941
0.4082482904,3.0,2.0,0.0,1.0,5,33,1141.5601501464844,368055.7634029941
0.2886751346,6.0,4.0,3.0,0.0,5,33,1141.5601501464844,368055.7634029941
0.2041241452,4.0,2.0,0.0,0.0,5,33,1141.5601501464844,368055.7634029941
0.0,2.0,1.0,0.0,2.0,5,33,1141.5601501464844,368055.7634029941
0.0,2.0,1.0,1.0,1.0,5,33,1141.5601501464844,368055.7634029941
0.0,2.0,2.0,0.0,1.0,5,33,1141.5601501464844,368055.7634029941
0.0,2.0,2.0,2.0,0.0,5,33,1141.5601501464844,368055.7634029941
0.0,3.0,1.0,1.0,0.0,5,33,1141.5601501464844,368055.7634029941
0.0,3.0,2.0,0.0,0.0,5,33,1141.5601501464844,368055.7634029941
0.9838175338,29.0,17.0,15.0,30.0,6,33,1364.9607739448547,394289.5691668341
0.9802213148,20.0,12.0,10.0,20.0,6,33,1364.9607739448547,394289.5691668341
0.9516884175,29.0,18.0,14.0,19.0,6,33,1364.9607739448547,394289.5691668341
0.9128709046,20.0,15.0,11.0,10.0,6,33,1364.9607739448547,394289.5691668341
0.8881853257,19.0,10.0,8.0,16.0,6,33,1364.9607739448547,394289.5691668341
0.8799342334,18.0,10.0,8.0,13.0,6,33,1364.9607739448547,394289.5691668341
0.867542081,12.0,6.0,4.0,16.0,6,33,1364.9607739448547,394289.5691668341
0.8671889785,17.0,10.0,6.0,13.0,6,33,1364.9607739448547,394289.5691668341
0.8660259267,25.0,14.0,12.0,12.0,6,33,1364.9607739448547,394289.5691668341
0.8660254036,17.0,14.0,12.0,8.0,6,33,1364.9607739448547,394289.5691668341
0.8164965809,17.0,10.0,7.0,9.0,6,33,1364.9607739448547,394289.5691668341
0.8164965809,18.0,9.0,6.0,10.0,6,33,1364.9607739448547,394289.5691668341
0.8111512171,12.0,7.0,6.0,15.0,6,33,1364.9607739448547,394289.5691668341
0.7886751346,16.0,10.0,8.0,12.0,6,33,1364.9607739448547,394289.5691668341
0.7406664392,11.0,7.0,6.0,11.0,6,33,1364.9607739448547,394289.5691668341
0.6605596098,8.0,4.0,4.0,8.0,6,33,1364.9607739448547,394289.5691668341
0.6605596098,13.0,11.0,11.0,7.0,6,33,1364.9607739448547,394289.5691668341
0.6605596097,5.0,4.0,3.0,7.0,6,33,1364.9607739448547,394289.5691668341
0.6454972242,12.0,6.0,5.0,5.0,6,33,1364.9607739448547,394289.5691668341
0.5773502691,6.0,4.0,3.0,4.0,6,33,1364.9607739448547,394289.5691668341
0.5773502689,5.0,4.0,3.0,3.0,6,33,1364.9607739448547,394289.5691668341
0.4999999999,11.0,5.0,2.0,5.0,6,33,1364.9607739448547,394289.5691668341
0.4714045208,10.0,4.0,2.0,9.0,6,33,1364.9607739448547,394289.5691668341
0.4714045207,2.0,2.0,2.0,2.0,6,33,1364.9607739448547,394289.5691668341
0.4670861794,11.0,5.0,1.0,4.0,6,33,1364.9607739448547,394289.5691668341
0.4082482905,5.0,2.0,1.0,2.0,6,33,1364.9607739448547,394289.5691668341
0.4082482905,8.0,4.0,4.0,1.0,6,33,1364.9607739448547,394289.5691668341
0.4082482904,2.0,2.0,1.0,1.0,6,33,1364.9607739448547,394289.5691668341
0.4082482904,2.0,2.0,1.0,1.0,6,33,1364.9607739448547,394289.5691668341
0.4082482904,3.0,2.0,0.0,1.0,6,33,1364.9607739448547,394289.5691668341
0.2886751346,2.0,2.0,1.0,0.0,6,33,1364.9607739448547,394289.5691668341
0.2041241452,4.0,2.0,0.0,0.0,6,33,1364.9607739448547,394289.5691668341
0.0,2.0,1.0,0.0,1.0,6,33,1364.9607739448547,394289.5691668341
0.0,3.0,1.0,1.0,0.0,6,33,1364.9607739448547,394289.5691668341
0.0,3.0,2.0,0.0,0.0,6,33,1364.9607739448547,394289.5691668341
0.9838175338,29.0,17.0,15.0,30.0,7,33,1603.9788208007812,401999.9431432219
0.9802213148,20.0,12.0,10.0,20.0,7,33,1603.9788208007812,401999.9431432219
0.9516884175,29.0,18.0,14.0,19.0,7,33,1603.9788208007812,401999.9431432219
0.9128709046,20.0,15.0,11.0,10.0,7,33,1603.9788208007812,401999.9431432219
0.9107964229,10.0,6.0,5.0,15.0,7,33,1603.9788208007812,401999.9431432219
0.8799342334,18.0,10.0,8.0,13.0,7,33,1603.9788208007812,401999.9431432219
0.867542081,12.0,6.0,4.0,16.0,7,33,1603.9788208007812,401999.9431432219
0.8671889785,17.0,10.0,6.0,13.0,7,33,1603.9788208007812,401999.9431432219
0.8660259267,25.0,14.0,12.0,12.0,7,33,1603.9788208007812,401999.9431432219
0.8660254036,17.0,14.0,12.0,8.0,7,33,1603.9788208007812,401999.9431432219
0.8164965809,17.0,10.0,7.0,9.0,7,33,1603.9788208007812,401999.9431432219
0.8164965809,18.0,9.0,6.0,10.0,7,33,1603.9788208007812,401999.9431432219
0.7886751346,16.0,10.0,8.0,12.0,7,33,1603.9788208007812,401999.9431432219
0.7406664392,11.0,7.0,6.0,11.0,7,33,1603.9788208007812,401999.9431432219
0.6605596098,8.0,4.0,4.0,8.0,7,33,1603.9788208007812,401999.9431432219
0.6605596098,13.0,11.0,10.0,6.0,7,33,1603.9788208007812,401999.9431432219
0.6605596097,5.0,4.0,3.0,7.0,7,33,1603.9788208007812,401999.9431432219
0.6454972242,12.0,5.0,2.0,5.0,7,33,1603.9788208007812,401999.9431432219
0.5773502691,6.0,4.0,3.0,4.0,7,33,1603.9788208007812,401999.9431432219
0.5773502689,5.0,4.0,3.0,3.0,7,33,1603.9788208007812,401999.9431432219
0.4999999999,11.0,5.0,2.0,5.0,7,33,1603.9788208007812,401999.9431432219
0.4714045208,10.0,4.0,2.0,9.0,7,33,1603.9788208007812,401999.9431432219
0.4714045207,2.0,2.0,2.0,2.0,7,33,1603.9788208007812,401999.9431432219
0.4670861794,11.0,5.0,1.0,4.0,7,33,1603.9788208007812,401999.9431432219
0.4082482905,3.0,2.0,0.0,2.0,7,33,1603.9788208007812,401999.9431432219
0.4082482905,3.0,2.0,1.0,1.0,7,33,1603.9788208007812,401999.9431432219
0.4082482904,2.0,2.0,1.0,1.0,7,33,1603.9788208007812,401999.9431432219
0.4082482904,2.0,2.0,1.0,1.0,7,33,1603.9788208007812,401999.9431432219
0.4082482904,3.0,1.0,1.0,6.0,7,33,1603.9788208007812,401999.9431432219
0.4082482904,3.0,2.0,0.0,1.0,7,33,1603.9788208007812,401999.9431432219
0.2886751346,2.0,2.0,1.0,0.0,7,33,1603.9788208007812,401999.9431432219
0.2041241452,4.0,2.0,0.0,0.0,7,33,1603.9788208007812,401999.9431432219
0.0,2.0,1.0,0.0,1.0,7,33,1603.9788208007812,401999.9431432219
0.0,3.0,1.0,1.0,0.0,7,33,1603.9788208007812,401999.9431432219
0.0,3.0,2.0,0.0,0.0,7,33,1603.9788208007812,401999.9431432219
0.9838175338,29.0,17.0,15.0,30.0,8,33,1796.661260843277,406331.82075034024
0.9802213148,20.0,12.0,10.0,20.0,8,33,1796.661260843277,406331.82075034024
0.9516884175,29.0,18.0,14.0,19.0,8,33,1796.661260843277,406331.82075034024
0.9128709046,20.0,15.0,11.0,10.0,8,33,1796.661260843277,406331.82075034024
0.9114049424,19.0,11.0,10.0,14.0,8,33,1796.661260843277,406331.82075034024
0.9107964229,10.0,6.0,5.0,15.0,8,33,1796.661260843277,406331.82075034024
0.8799342334,18.0,10.0,8.0,13.0,8,33,1796.661260843277,406331.82075034024
0.867542081,12.0,6.0,4.0,16.0,8,33,1796.661260843277,406331.82075034024
0.8671889785,17.0,10.0,6.0,13.0,8,33,1796.661260843277,406331.82075034024
0.8660259267,25.0,14.0,12.0,12.0,8,33,1796.661260843277,406331.82075034024
0.8660254036,17.0,14.0,12.0,8.0,8,33,1796.661260843277,406331.82075034024
0.8660254036,19.0,14.0,9.0,9.0,8,33,1796.661260843277,406331.82075034024
0.8164965809,17.0,9.0,5.0,7.0,8,33,1796.661260843277,406331.82075034024
0.7886751346,16.0,10.0,8.0,12.0,8,33,1796.661260843277,406331.82075034024
0.7406664392,11.0,7.0,6.0,11.0,8,33,1796.661260843277,406331.82075034024
0.6605596098,8.0,4.0,4.0,8.0,8,33,1796.661260843277,406331.82075034024
0.6605596098,13.0,11.0,10.0,6.0,8,33,1796.661260843277,406331.82075034024
0.6605596097,5.0,4.0,3.0,7.0,8,33,1796.661260843277,406331.82075034024
0.6454972242,12.0,5.0,2.0,5.0,8,33,1796.661260843277,406331.82075034024
0.6123724355,12.0,4.0,0.0,5.0,8,33,1796.661260843277,406331.82075034024
0.5773502691,6.0,4.0,3.0,4.0,8,33,1796.661260843277,406331.82075034024
0.5773502689,5.0,4.0,3.0,3.0,8,33,1796.661260843277,406331.82075034024
0.4999999999,11.0,5.0,2.0,5.0,8,33,1796.661260843277,406331.82075034024
0.4714045208,3.0,3.0,3.0,6.0,8,33,1796.661260843277,406331.82075034024
0.4714045208,5.0,3.0,3.0,4.0,8,33,1796.661260843277,406331.82075034024
0.4714045208,10.0,4.0,2.0,9.0,8,33,1796.661260843277,406331.82075034024
0.4714045207,2.0,2.0,2.0,2.0,8,33,1796.661260843277,406331.82075034024
0.4670861794,11.0,5.0,1.0,4.0,8,33,1796.661260843277,406331.82075034024
0.4082482905,3.0,1.0,0.0,1.0,8,33,1796.661260843277,406331.82075034024
0.4082482904,2.0,2.0,1.0,1.0,8,33,1796.661260843277,406331.82075034024
0.4082482904,2.0,2.0,1.0,1.0,8,33,1796.661260843277,406331.82075034024
0.2886751346,2.0,2.0,1.0,0.0,8,33,1796.661260843277,406331.82075034024
0.2041241452,4.0,2.0,0.0,0.0,8,33,1796.661260843277,406331.82075034024
0.0,2.0,1.0,0.0,1.0,8,33,1796.661260843277,406331.82075034024
0.0,3.0,1.0,1.0,0.0,8,33,1796.661260843277,406331.82075034024
0.0,3.0,2.0,0.0,0.0,8,33,1796.661260843277,406331.82075034024
0.9838175338,29.0,17.0,15.0,30.0,9,33,1980.9900031089783,408013.25765000307
0.9802213148,20.0,12.0,10.0,20.0,9,33,1980.9900031089783,408013.25765000307
0.9516884175,29.0,18.0,14.0,19.0,9,33,1980.9900031089783,408013.25765000307
0.9128709046,20.0,15.0,11.0,10.0,9,33,1980.9900031089783,408013.25765000307
0.9114049424,19.0,11.0,10.0,14.0,9,33,1980.9900031089783,408013.25765000307
0.9107964229,10.0,6.0,5.0,15.0,9,33,1980.9900031089783,408013.25765000307
0.8799342334,18.0,10.0,8.0,13.0,9,33,1980.9900031089783,408013.25765000307
0.867542081,12.0,6.0,4.0,16.0,9,33,1980.9900031089783,408013.25765000307
0.8671889785,17.0,10.0,6.0,13.0,9,33,1980.9900031089783,408013.25765000307
0.8660259267,25.0,14.0,12.0,12.0,9,33,1980.9900031089783,408013.25765000307
0.8660254036,17.0,14.0,12.0,8.0,9,33,1980.9900031089783,408013.25765000307
0.8660254036,19.0,14.0,9.0,9.0,9,33,1980.9900031089783,408013.25765000307
0.8164965809,17.0,9.0,5.0,7.0,9,33,1980.9900031089783,408013.25765000307
0.7886751346,16.0,10.0,8.0,12.0,9,33,1980.9900031089783,408013.25765000307
0.7406664392,11.0,7.0,6.0,11.0,9,33,1980.9900031089783,408013.25765000307
0.6605596098,8.0,4.0,4.0,8.0,9,33,1980.9900031089783,408013.25765000307
0.6605596098,13.0,11.0,10.0,6.0,9,33,1980.9900031089783,408013.25765000307
0.6605596097,5.0,4.0,3.0,7.0,9,33,1980.9900031089783,408013.25765000307
0.6454972242,12.0,5.0,2.0,5.0,9,33,1980.9900031089783,408013.25765000307
0.6123724355,12.0,4.0,0.0,5.0,9,33,1980.9900031089783,408013.25765000307
0.5773502691,5.0,5.0,2.0,1.0,9,33,1980.9900031089783,408013.25765000307
0.5773502691,6.0,4.0,3.0,4.0,9,33,1980.9900031089783,408013.25765000307
0.5773502689,5.0,4.0,3.0,3.0,9,33,1980.9900031089783,408013.25765000307
0.4714045208,3.0,3.0,3.0,6.0,9,33,1980.9900031089783,408013.25765000307
0.4714045208,5.0,3.0,3.0,4.0,9,33,1980.9900031089783,408013.25765000307
0.4714045208,10.0,4.0,2.0,9.0,9,33,1980.9900031089783,408013.25765000307
0.4714045207,2.0,2.0,2.0,2.0,9,33,1980.9900031089783,408013.25765000307
0.4670861794,11.0,5.0,1.0,4.0,9,33,1980.9900031089783,408013.25765000307
0.4082482905,3.0,1.0,0.0,1.0,9,33,1980.9900031089783,408013.25765000307
0.4082482904,2.0,2.0,1.0,1.0,9,33,1980.9900031089783,408013.25765000307
0.4082482904,2.0,2.0,1.0,1.0,9,33,1980.9900031089783,408013.25765000307
0.2886751346,2.0,2.0,1.0,0.0,9,33,1980.9900031089783,408013.25765000307
0.2041241452,4.0,2.0,0.0,0.0,9,33,1980.9900031089783,408013.25765000307
0.0,2.0,1.0,0.0,1.0,9,33,1980.9900031089783,408013.25765000307
0.0,3.0,1.0,1.0,0.0,9,33,1980.9900031089783,408013.25765000307
0.0,3.0,2.0,0.0,0.0,9,33,1980.9900031089783,408013.25765000307
0.9855797424,26.0,15.0,14.0,27.0,10,33,2163.7743792533875,344445.0650540631
0.9802213148,20.0,12.0,10.0,20.0,10,33,2163.7743792533875,344445.0650540631
0.9516884175,29.0,18.0,14.0,19.0,10,33,2163.7743792533875,344445.0650540631
0.9128709046,20.0,15.0,11.0,10.0,10,33,2163.7743792533875,344445.0650540631
0.9128708671,21.0,15.0,10.0,11.0,10,33,2163.7743792533875,344445.0650540631
0.9114049424,19.0,11.0,10.0,14.0,10,33,2163.7743792533875,344445.0650540631
0.9107964229,10.0,6.0,5.0,15.0,10,33,2163.7743792533875,344445.0650540631
0.8799342334,18.0,10.0,8.0,13.0,10,33,2163.7743792533875,344445.0650540631
0.867542081,12.0,6.0,4.0,16.0,10,33,2163.7743792533875,344445.0650540631
0.8671889785,17.0,10.0,6.0,13.0,10,33,2163.7743792533875,344445.0650540631
0.8660259267,25.0,14.0,12.0,12.0,10,33,2163.7743792533875,344445.0650540631
0.8660254036,17.0,14.0,12.0,8.0,10,33,2163.7743792533875,344445.0650540631
0.8660254036,19.0,14.0,9.0,9.0,10,33,2163.7743792533875,344445.0650540631
0.8164965809,17.0,9.0,5.0,7.0,10,33,2163.7743792533875,344445.0650540631
0.7976992732,17.0,8.0,5.0,14.0,10,33,2163.7743792533875,344445.0650540631
0.7886751346,16.0,10.0,8.0,12.0,10,33,2163.7743792533875,344445.0650540631
0.7406664392,11.0,7.0,6.0,11.0,10,33,2163.7743792533875,344445.0650540631
0.6605596098,8.0,4.0,4.0,8.0,10,33,2163.7743792533875,344445.0650540631
0.6605596098,13.0,11.0,10.0,6.0,10,33,2163.7743792533875,344445.0650540631
0.6605596097,5.0,4.0,3.0,7.0,10,33,2163.7743792533875,344445.0650540631
0.6454972242,12.0,5.0,2.0,5.0,10,33,2163.7743792533875,344445.0650540631
0.6123724355,12.0,4.0,0.0,5.0,10,33,2163.7743792533875,344445.0650540631
0.6120134304,9.0,3.0,2.0,11.0,10,33,2163.7743792533875,344445.0650540631
0.5773502691,5.0,5.0,2.0,1.0,10,33,2163.7743792533875,344445.0650540631
0.5773502691,6.0,4.0,3.0,4.0,10,33,2163.7743792533875,344445.0650540631
0.5773502689,5.0,4.0,3.0,3.0,10,33,2163.7743792533875,344445.0650540631
0.4714045208,3.0,3.0,3.0,6.0,10,33,2163.7743792533875,344445.0650540631
0.4714045208,5.0,3.0,3.0,4.0,10,33,2163.7743792533875,344445.0650540631
0.4714045208,10.0,4.0,2.0,9.0,10,33,2163.7743792533875,344445.0650540631
0.4714045207,2.0,2.0,2.0,2.0,10,33,2163.7743792533875,344445.0650540631
0.4714045207,2.0,2.0,2.0,2.0,10,33,2163.7743792533875,344445.0650540631
0.4670861794,11.0,5.0,1.0,4.0,10,33,2163.7743792533875,344445.0650540631
0.4082482905,2.0,1.0,2.0,2.0,10,33,2163.7743792533875,344445.0650540631
0.4082482905,3.0,1.0,0.0,1.0,10,33,2163.7743792533875,344445.0650540631
0.4082482904,2.0,2.0,1.0,1.0,10,33,2163.7743792533875,344445.0650540631
0.4082482904,2.0,2.0,1.0,1.0,10,33,2163.7743792533875,344445.0650540631
0.2886751346,2.0,2.0,1.0,0.0,10,33,2163.7743792533875,344445.0650540631
0.2041241452,4.0,2.0,0.0,0.0,10,33,2163.7743792533875,344445.0650540631
0.0,2.0,1.0,0.0,1.0,10,33,2163.7743792533875,344445.0650540631
0.0,2.0,1.0,1.0,0.0,10,33,2163.7743792533875,344445.0650540631
0.0,3.0,2.0,0.0,0.0,10,33,2163.7743792533875,344445.0650540631
0.9998775923,30.0,22.0,17.0,17.0,11,33,2353.645462036133,537813.1666294225
0.9855797424,26.0,15.0,14.0,27.0,11,33,2353.645462036133,537813.1666294225
0.9802213148,20.0,12.0,10.0,20.0,11,33,2353.645462036133,537813.1666294225
0.9516884175,29.0,18.0,14.0,19.0,11,33,2353.645462036133,537813.1666294225
0.9128709283,19.0,13.0,9.0,10.0,11,33,2353.645462036133,537813.1666294225
0.9124697621,10.0,5.0,4.0,11.0,11,33,2353.645462036133,537813.1666294225
0.8660254038,10.0,8.0,6.0,9.0,11,33,2353.645462036133,537813.1666294225
0.8660254036,17.0,14.0,12.0,8.0,11,33,2353.645462036133,537813.1666294225
0.8164965809,17.0,9.0,5.0,7.0,11,33,2353.645462036133,537813.1666294225
0.707106781,5.0,3.0,3.0,7.0,11,33,2353.645462036133,537813.1666294225
0.6605596098,13.0,11.0,10.0,6.0,11,33,2353.645462036133,537813.1666294225
0.6454972242,12.0,5.0,2.0,5.0,11,33,2353.645462036133,537813.1666294225
0.6123724355,12.0,4.0,0.0,5.0,11,33,2353.645462036133,537813.1666294225
0.6120134304,9.0,3.0,2.0,11.0,11,33,2353.645462036133,537813.1666294225
0.5773502692,11.0,6.0,2.0,9.0,11,33,2353.645462036133,537813.1666294225
0.5773502691,5.0,4.0,2.0,2.0,11,33,2353.645462036133,537813.1666294225
0.5773502691,5.0,5.0,2.0,1.0,11,33,2353.645462036133,537813.1666294225
0.4714045208,3.0,3.0,3.0,6.0,11,33,2353.645462036133,537813.1666294225
0.4714045208,5.0,3.0,3.0,4.0,11,33,2353.645462036133,537813.1666294225
0.4714045207,2.0,2.0,2.0,2.0,11,33,2353.645462036133,537813.1666294225
0.4714045207,2.0,2.0,2.0,2.0,11,33,2353.645462036133,537813.1666294225
0.4714045207,2.0,2.0,2.0,2.0,11,33,2353.645462036133,537813.1666294225
0.4670861794,11.0,5.0,1.0,4.0,11,33,2353.645462036133,537813.1666294225
0.4082482905,2.0,1.0,2.0,2.0,11,33,2353.645462036133,537813.1666294225
0.4082482905,3.0,1.0,0.0,1.0,11,33,2353.645462036133,537813.1666294225
0.4082482904,2.0,1.0,2.0,1.0,11,33,2353.645462036133,537813.1666294225
0.4082482904,2.0,2.0,1.0,1.0,11,33,2353.645462036133,537813.1666294225
0.4082482904,2.0,2.0,1.0,1.0,11,33,2353.645462036133,537813.1666294225
0.2886751346,2.0,2.0,1.0,0.0,11,33,2353.645462036133,537813.1666294225
0.2041241452,4.0,2.0,0.0,0.0,11,33,2353.645462036133,537813.1666294225
0.0,2.0,1.0,0.0,1.0,11,33,2353.645462036133,537813.1666294225
0.0,2.0,1.0,1.0,0.0,11,33,2353.645462036133,537813.1666294225
0.0,3.0,2.0,0.0,0.0,11,33,2353.645462036133,537813.1666294225
0.9998775923,30.0,22.0,17.0,17.0,12,33,2544.6875054836273,540053.1577270896
0.9855797424,26.0,15.0,14.0,27.0,12,33,2544.6875054836273,540053.1577270896
0.9802213148,20.0,12.0,10.0,20.0,12,33,2544.6875054836273,540053.1577270896
0.9516884175,29.0,18.0,14.0,19.0,12,33,2544.6875054836273,540053.1577270896
0.9333299936,19.0,11.0,11.0,13.0,12,33,2544.6875054836273,540053.1577270896
0.93286063,24.0,15.0,10.0,18.0,12,33,2544.6875054836273,540053.1577270896
0.9128709283,19.0,13.0,9.0,10.0,12,33,2544.6875054836273,540053.1577270896
0.9124697621,10.0,5.0,4.0,11.0,12,33,2544.6875054836273,540053.1577270896
0.8660254038,10.0,8.0,6.0,9.0,12,33,2544.6875054836273,540053.1577270896
0.8660254036,17.0,14.0,12.0,8.0,12,33,2544.6875054836273,540053.1577270896
0.8164965809,17.0,9.0,5.0,7.0,12,33,2544.6875054836273,540053.1577270896
0.707106781,5.0,3.0,3.0,7.0,12,33,2544.6875054836273,540053.1577270896
0.6969234251,14.0,8.0,5.0,6.0,12,33,2544.6875054836273,540053.1577270896
0.6605596098,13.0,11.0,10.0,6.0,12,33,2544.6875054836273,540053.1577270896
0.6454972244,12.0,6.0,2.0,6.0,12,33,2544.6875054836273,540053.1577270896
0.6454972242,12.0,5.0,2.0,5.0,12,33,2544.6875054836273,540053.1577270896
0.6123724355,12.0,4.0,0.0,5.0,12,33,2544.6875054836273,540053.1577270896
0.6120134304,9.0,3.0,2.0,11.0,12,33,2544.6875054836273,540053.1577270896
0.5773502692,11.0,6.0,2.0,9.0,12,33,2544.6875054836273,540053.1577270896
0.5773502691,3.0,3.0,3.0,3.0,12,33,2544.6875054836273,540053.1577270896
0.5773502691,5.0,4.0,2.0,2.0,12,33,2544.6875054836273,540053.1577270896
0.5773502691,5.0,5.0,2.0,1.0,12,33,2544.6875054836273,540053.1577270896
0.4714045208,2.0,2.0,2.0,2.0,12,33,2544.6875054836273,540053.1577270896
0.4670861794,11.0,5.0,1.0,4.0,12,33,2544.6875054836273,540053.1577270896
0.4082482905,2.0,1.0,2.0,2.0,12,33,2544.6875054836273,540053.1577270896
0.4082482905,3.0,1.0,0.0,1.0,12,33,2544.6875054836273,540053.1577270896
0.4082482904,2.0,1.0,1.0,2.0,12,33,2544.6875054836273,540053.1577270896
0.4082482904,2.0,1.0,2.0,1.0,12,33,2544.6875054836273,540053.1577270896
0.4082482904,2.0,2.0,1.0,1.0,12,33,2544.6875054836273,540053.1577270896
0.4082482904,2.0,2.0,1.0,1.0,12,33,2544.6875054836273,540053.1577270896
0.2886751346,2.0,2.0,1.0,0.0,12,33,2544.6875054836273,540053.1577270896
0.2041241452,3.0,1.0,0.0,0.0,12,33,2544.6875054836273,540053.1577270896
0.0,2.0,1.0,0.0,1.0,12,33,2544.6875054836273,540053.1577270896
0.0,2.0,1.0,1.0,0.0,12,33,2544.6875054836273,540053.1577270896
0.0,2.0,2.0,0.0,0.0,12,33,2544.6875054836273,540053.1577270896
0.9998775923,30.0,22.0,17.0,17.0,13,33,2740.477757692337,543363.5817471981
0.9855797424,26.0,15.0,14.0,27.0,13,33,2740.477757692337,543363.5817471981
0.9802213148,20.0,12.0,10.0,20.0,13,33,2740.477757692337,543363.5817471981
0.9516884175,29.0,18.0,14.0,19.0,13,33,2740.477757692337,543363.5817471981
0.9333299936,19.0,11.0,11.0,13.0,13,33,2740.477757692337,543363.5817471981
0.93286063,24.0,15.0,10.0,18.0,13,33,2740.477757692337,543363.5817471981
0.9128709283,19.0,13.0,9.0,10.0,13,33,2740.477757692337,543363.5817471981
0.9124697621,10.0,5.0,4.0,11.0,13,33,2740.477757692337,543363.5817471981
0.8660254038,10.0,8.0,6.0,9.0,13,33,2740.477757692337,543363.5817471981
0.8660254036,17.0,14.0,12.0,8.0,13,33,2740.477757692337,543363.5817471981
0.8164965809,8.0,3.0,3.0,10.0,13,33,2740.477757692337,543363.5817471981
0.8164965809,17.0,9.0,5.0,7.0,13,33,2740.477757692337,543363.5817471981
0.707106781,5.0,3.0,3.0,7.0,13,33,2740.477757692337,543363.5817471981
0.6969234251,14.0,8.0,5.0,6.0,13,33,2740.477757692337,543363.5817471981
0.6605596098,13.0,11.0,10.0,6.0,13,33,2740.477757692337,543363.5817471981
0.6454972244,12.0,6.0,2.0,6.0,13,33,2740.477757692337,543363.5817471981
0.6454972242,12.0,5.0,2.0,5.0,13,33,2740.477757692337,543363.5817471981
0.6123724355,12.0,4.0,0.0,5.0,13,33,2740.477757692337,543363.5817471981
0.6120134304,9.0,3.0,2.0,11.0,13,33,2740.477757692337,543363.5817471981
0.5773502692,11.0,6.0,2.0,9.0,13,33,2740.477757692337,543363.5817471981
0.5773502691,3.0,3.0,3.0,3.0,13,33,2740.477757692337,543363.5817471981
0.5773502691,5.0,4.0,2.0,2.0,13,33,2740.477757692337,543363.5817471981
0.5773502691,5.0,5.0,2.0,1.0,13,33,2740.477757692337,543363.5817471981
0.4714045208,2.0,2.0,2.0,2.0,13,33,2740.477757692337,543363.5817471981
0.4670861794,11.0,5.0,1.0,4.0,13,33,2740.477757692337,543363.5817471981
0.4082482905,2.0,1.0,2.0,2.0,13,33,2740.477757692337,543363.5817471981
0.4082482905,3.0,1.0,0.0,1.0,13,33,2740.477757692337,543363.5817471981
0.4082482904,2.0,1.0,1.0,2.0,13,33,2740.477757692337,543363.5817471981
0.4082482904,2.0,1.0,2.0,1.0,13,33,2740.477757692337,543363.5817471981
0.4082482904,2.0,2.0,1.0,1.0,13,33,2740.477757692337,543363.5817471981
0.4082482904,2.0,2.0,1.0,1.0,13,33,2740.477757692337,543363.5817471981
0.2886751346,2.0,1.0,1.0,1.0,13,33,2740.477757692337,543363.5817471981
0.2886751346,2.0,2.0,1.0,0.0,13,33,2740.477757692337,543363.5817471981
0.2041241452,3.0,1.0,0.0,0.0,13,33,2740.477757692337,543363.5817471981
0.0,2.0,1.0,0.0,1.0,13,33,2740.477757692337,543363.5817471981
0.0,2.0,1.0,0.0,1.0,13,33,2740.477757692337,543363.5817471981
0.0,2.0,1.0,1.0,0.0,13,33,2740.477757692337,543363.5817471981
0.0,2.0,1.0,1.0,0.0,13,33,2740.477757692337,543363.5817471981
0.0,2.0,2.0,0.0,0.0,13,33,2740.477757692337,543363.5817471981
0.9998775923,30.0,22.0,17.0,17.0,14,33,2935.3781633377075,452744.42088177055
0.9855797424,26.0,15.0,14.0,27.0,14,33,2935.3781633377075,452744.42088177055
0.9802213148,20.0,12.0,10.0,20.0,14,33,2935.3781633377075,452744.42088177055
0.9516884175,29.0,18.0,14.0,19.0,14,33,2935.3781633377075,452744.42088177055
0.9333299936,19.0,11.0,11.0,13.0,14,33,2935.3781633377075,452744.42088177055
0.93286063,24.0,15.0,10.0,18.0,14,33,2935.3781633377075,452744.42088177055
0.9128709283,19.0,13.0,9.0,10.0,14,33,2935.3781633377075,452744.42088177055
0.9124697621,10.0,5.0,4.0,11.0,14,33,2935.3781633377075,452744.42088177055
0.8660254038,10.0,8.0,6.0,9.0,14,33,2935.3781633377075,452744.42088177055
0.8660254036,17.0,14.0,12.0,8.0,14,33,2935.3781633377075,452744.42088177055
0.8164965809,8.0,3.0,3.0,10.0,14,33,2935.3781633377075,452744.42088177055
0.8164965809,9.0,4.0,2.0,11.0,14,33,2935.3781633377075,452744.42088177055
0.8164965809,17.0,9.0,5.0,7.0,14,33,2935.3781633377075,452744.42088177055
0.707106781,5.0,3.0,3.0,7.0,14,33,2935.3781633377075,452744.42088177055
0.6969234251,14.0,8.0,5.0,6.0,14,33,2935.3781633377075,452744.42088177055
0.6605596098,13.0,11.0,10.0,6.0,14,33,2935.3781633377075,452744.42088177055
0.6454972244,12.0,6.0,2.0,6.0,14,33,2935.3781633377075,452744.42088177055
0.6454972242,12.0,5.0,2.0,5.0,14,33,2935.3781633377075,452744.42088177055
0.6123724356,5.0,3.0,3.0,4.0,14,33,2935.3781633377075,452744.42088177055
0.6123724356,12.0,5.0,0.0,4.0,14,33,2935.3781633377075,452744.42088177055
0.6123724355,12.0,4.0,0.0,5.0,14,33,2935.3781633377075,452744.42088177055
0.6120134304,9.0,3.0,2.0,11.0,14,33,2935.3781633377075,452744.42088177055
0.5773502692,11.0,6.0,2.0,9.0,14,33,2935.3781633377075,452744.42088177055
0.5773502691,3.0,3.0,3.0,3.0,14,33,2935.3781633377075,452744.42088177055
0.5773502691,5.0,4.0,2.0,2.0,14,33,2935.3781633377075,452744.42088177055
0.5773502691,5.0,5.0,2.0,1.0,14,33,2935.3781633377075,452744.42088177055
0.4714045208,2.0,2.0,2.0,2.0,14,33,2935.3781633377075,452744.42088177055
0.4670861794,11.0,4.0,0.0,4.0,14,33,2935.3781633377075,452744.42088177055
0.4082482905,2.0,1.0,2.0,2.0,14,33,2935.3781633377075,452744.42088177055
0.4082482905,3.0,1.0,0.0,1.0,14,33,2935.3781633377075,452744.42088177055
0.4082482904,2.0,1.0,0.0,2.0,14,33,2935.3781633377075,452744.42088177055
0.4082482904,2.0,1.0,2.0,1.0,14,33,2935.3781633377075,452744.42088177055
0.4082482904,2.0,2.0,1.0,1.0,14,33,2935.3781633377075,452744.42088177055
0.4082482904,2.0,2.0,1.0,1.0,14,33,2935.3781633377075,452744.42088177055
0.4082482904,2.0,2.0,1.0,1.0,14,33,2935.3781633377075,452744.42088177055
0.2886751346,2.0,1.0,0.0,0.0,14,33,2935.3781633377075,452744.42088177055
0.9998775923,30.0,22.0,17.0,17.0,15,33,3116.137049436569,454630.8672704125
0.9911508848,30.0,19.0,15.0,19.0,15,33,3116.137049436569,454630.8672704125
0.9855797424,26.0,15.0,14.0,27.0,15,33,3116.137049436569,454630.8672704125
0.9802213148,20.0,12.0,10.0,20.0,15,33,3116.137049436569,454630.8672704125
0.9516884175,29.0,18.0,14.0,19.0,15,33,3116.137049436569,454630.8672704125
0.9341723587,19.0,12.0,11.0,9.0,15,33,3116.137049436569,454630.8672704125
0.9333299936,19.0,11.0,11.0,13.0,15,33,3116.137049436569,454630.8672704125
0.93286063,24.0,15.0,10.0,18.0,15,33,3116.137049436569,454630.8672704125
0.9128709283,19.0,13.0,9.0,10.0,15,33,3116.137049436569,454630.8672704125
0.9124697621,10.0,5.0,4.0,11.0,15,33,3116.137049436569,454630.8672704125
0.8660254038,10.0,8.0,6.0,9.0,15,33,3116.137049436569,454630.8672704125
0.8660254036,17.0,14.0,12.0,8.0,15,33,3116.137049436569,454630.8672704125
0.8164965809,8.0,3.0,3.0,10.0,15,33,3116.137049436569,454630.8672704125
0.8164965809,9.0,4.0,2.0,11.0,15,33,3116.137049436569,454630.8672704125
0.8164965809,17.0,9.0,5.0,7.0,15,33,3116.137049436569,454630.8672704125
0.707106781,5.0,3.0,3.0,7.0,15,33,3116.137049436569,454630.8672704125
0.6969234251,14.0,8.0,5.0,6.0,15,33,3116.137049436569,454630.8672704125
0.6969234241,11.0,6.0,3.0,6.0,15,33,3116.137049436569,454630.8672704125
0.6454972244,12.0,6.0,2.0,6.0,15,33,3116.137049436569,454630.8672704125
0.6454972242,12.0,5.0,2.0,5.0,15,33,3116.137049436569,454630.8672704125
0.6123724357,12.0,4.0,0.0,5.0,15,33,3116.137049436569,454630.8672704125
0.6123724356,5.0,3.0,3.0,4.0,15,33,3116.137049436569,454630.8672704125
0.6123724356,12.0,5.0,0.0,4.0,15,33,3116.137049436569,454630.8672704125
0.6120134304,9.0,3.0,2.0,11.0,15,33,3116.137049436569,454630.8672704125
0.5773502692,11.0,6.0,2.0,9.0,15,33,3116.137049436569,454630.8672704125
0.5773502691,3.0,3.0,3.0,3.0,15,33,3116.137049436569,454630.8672704125
0.5773502691,5.0,2.0,1.0,6.0,15,33,3116.137049436569,454630.8672704125
0.5773502691,5.0,4.0,2.0,2.0,15,33,3116.137049436569,454630.8672704125
0.5773502691,5.0,5.0,2.0,1.0,15,33,3116.137049436569,454630.8672704125
0.4714045208,2.0,2.0,2.0,2.0,15,33,3116.137049436569,454630.8672704125
0.4670861794,11.0,4.0,0.0,4.0,15,33,3116.137049436569,454630.8672704125
0.4082482905,2.0,1.0,1.0,1.0,15,33,3116.137049436569,454630.8672704125
0.4082482905,3.0,1.0,0.0,1.0,15,33,3116.137049436569,454630.8672704125
0.4082482904,2.0,1.0,0.0,2.0,15,33,3116.137049436569,454630.8672704125
0.2886751346,2.0,1.0,0.0,0.0,15,33,3116.137049436569,454630.8672704125
0.9998775923,30.0,22.0,17.0,17.0,16,33,3349.7299625873566,457491.3634939301
0.9911508848,30.0,19.0,15.0,19.0,16,33,3349.7299625873566,457491.3634939301
0.9909415549,28.0,18.0,14.0,15.0,16,33,3349.7299625873566,457491.3634939301
0.9855797424,26.0,15.0,14.0,27.0,16,33,3349.7299625873566,457491.3634939301
0.9802213148,20.0,12.0,10.0,20.0,16,33,3349.7299625873566,457491.3634939301
0.9341723587,19.0,12.0,11.0,9.0,16,33,3349.7299625873566,457491.3634939301
0.9333299936,19.0,11.0,11.0,13.0,16,33,3349.7299625873566,457491.3634939301
0.93286063,24.0,15.0,10.0,18.0,16,33,3349.7299625873566,457491.3634939301
0.9128709283,19.0,13.0,9.0,10.0,16,33,3349.7299625873566,457491.3634939301
0.9124697621,10.0,5.0,4.0,11.0,16,33,3349.7299625873566,457491.3634939301
0.8660254038,10.0,8.0,6.0,9.0,16,33,3349.7299625873566,457491.3634939301
0.8660254036,17.0,14.0,12.0,8.0,16,33,3349.7299625873566,457491.3634939301
0.8164965809,8.0,3.0,3.0,10.0,16,33,3349.7299625873566,457491.3634939301
0.8164965809,9.0,4.0,2.0,11.0,16,33,3349.7299625873566,457491.3634939301
0.8164965809,17.0,9.0,5.0,7.0,16,33,3349.7299625873566,457491.3634939301
0.7071067811,4.0,4.0,3.0,4.0,16,33,3349.7299625873566,457491.3634939301
0.707106781,5.0,3.0,3.0,7.0,16,33,3349.7299625873566,457491.3634939301
0.707106781,5.0,3.0,3.0,7.0,16,33,3349.7299625873566,457491.3634939301
0.6454972244,12.0,6.0,2.0,6.0,16,33,3349.7299625873566,457491.3634939301
0.6454972242,12.0,5.0,2.0,5.0,16,33,3349.7299625873566,457491.3634939301
0.645497217,8.0,3.0,1.0,7.0,16,33,3349.7299625873566,457491.3634939301
0.6123724357,12.0,4.0,0.0,5.0,16,33,3349.7299625873566,457491.3634939301
0.6123724356,5.0,3.0,3.0,4.0,16,33,3349.7299625873566,457491.3634939301
0.6123724356,12.0,5.0,0.0,4.0,16,33,3349.7299625873566,457491.3634939301
0.5773502692,4.0,3.0,4.0,6.0,16,33,3349.7299625873566,457491.3634939301
0.5773502691,3.0,3.0,3.0,3.0,16,33,3349.7299625873566,457491.3634939301
0.5773502691,5.0,2.0,1.0,6.0,16,33,3349.7299625873566,457491.3634939301
0.5773502691,5.0,4.0,2.0,2.0,16,33,3349.7299625873566,457491.3634939301
0.5773502691,5.0,5.0,2.0,1.0,16,33,3349.7299625873566,457491.3634939301
0.4714045208,2.0,2.0,2.0,2.0,16,33,3349.7299625873566,457491.3634939301
0.4670861794,11.0,4.0,0.0,4.0,16,33,3349.7299625873566,457491.3634939301
0.4082482905,2.0,1.0,1.0,1.0,16,33,3349.7299625873566,457491.3634939301
0.4082482905,3.0,1.0,0.0,1.0,16,33,3349.7299625873566,457491.3634939301
0.4082482904,2.0,1.0,0.0,2.0,16,33,3349.7299625873566,457491.3634939301
0.2886751346,2.0,1.0,0.0,0.0,16,33,3349.7299625873566,457491.3634939301
